Nombre,Tipo de dato,Default Task,Atributos,Instancias,Numero de atributos
Abalone,Multivariate ,Classification ,"Categorical, Integer, Real ",4177 ,8 
Adult,Multivariate ,Classification ,"Categorical, Integer ",48842 ,14 
Annealing,Multivariate ,Classification ,"Categorical, Integer, Real ",798 ,38 
Anonymous Microsoft Web Data, ,Recommender-Systems ,Categorical ,37711 ,294 
Arrhythmia,Multivariate ,Classification ,"Categorical, Integer, Real ",452 ,279 
Artificial Characters,Multivariate ,Classification ,"Categorical, Integer, Real ",6000 ,7 
Audiology (Original),Multivariate ,Classification ,Categorical ,226 , 
Audiology (Standardized),Multivariate ,Classification ,Categorical ,226 ,69 
Auto MPG,Multivariate ,Regression ,"Categorical, Real ",398 ,8 
Automobile,Multivariate ,Regression ,"Categorical, Integer, Real ",205 ,26 
Badges,"Univariate, Text ",Classification , ,294 ,1 
Balance Scale,Multivariate ,Classification ,Categorical ,625 ,4 
Balloons,Multivariate ,Classification ,Categorical ,16 ,4 
Breast Cancer,Multivariate ,Classification ,Categorical ,286 ,9 
Breast Cancer Wisconsin (Original),Multivariate ,Classification ,Integer ,699 ,10 
Breast Cancer Wisconsin (Prognostic),Multivariate ,"Classification, Regression ",Real ,198 ,34 
Breast Cancer Wisconsin (Diagnostic),Multivariate ,Classification ,Real ,569 ,32 
Pittsburgh Bridges,Multivariate ,Classification ,"Categorical, Integer ",108 ,13 
Car Evaluation,Multivariate ,Classification ,Categorical ,1728 ,6 
Census Income,Multivariate ,Classification ,"Categorical, Integer ",48842 ,14 
Chess (King-Rook vs. King-Knight),"Multivariate, Data-Generator ",Classification ,"Categorical, Integer ", ,22 
Chess (King-Rook vs. King-Pawn),Multivariate ,Classification ,Categorical ,3196 ,36 
Chess (King-Rook vs. King),Multivariate ,Classification ,"Categorical, Integer ",28056 ,6 
Chess (Domain Theories),Domain-Theory , , , , 
Bach Chorales,"Univariate, Time-Series ", ,"Categorical, Integer ",100 ,6 
Connect-4,"Multivariate, Spatial ",Classification ,Categorical ,67557 ,42 
Credit Approval,Multivariate ,Classification ,"Categorical, Integer, Real ",690 ,15 
Japanese Credit Screening,"Multivariate, Domain-Theory ",Classification ,"Categorical, Real, Integer ",125 , 
Computer Hardware,Multivariate ,Regression ,Integer ,209 ,9 
Contraceptive Method Choice,Multivariate ,Classification ,"Categorical, Integer ",1473 ,9 
Covertype,Multivariate ,Classification ,"Categorical, Integer ",581012 ,54 
Cylinder Bands,Multivariate ,Classification ,"Categorical, Integer, Real ",512 ,39 
Dermatology,Multivariate ,Classification ,"Categorical, Integer ",366 ,33 
Diabetes,"Multivariate, Time-Series ", ,"Categorical, Integer ", ,20 
DGP2 - The Second Data Generation Program,Data-Generator , ,Real , , 
Document Understanding, , , , , 
EBL Domain Theories, , , , , 
Echocardiogram,Multivariate ,Classification ,"Categorical, Integer, Real ",132 ,12 
Ecoli,Multivariate ,Classification ,Real ,336 ,8 
Flags,Multivariate ,Classification ,"Categorical, Integer ",194 ,30 
Function Finding, ,Function-Learning ,Real ,352 , 
Glass Identification,Multivariate ,Classification ,Real ,214 ,10 
Haberman's Survival,Multivariate ,Classification ,Integer ,306 ,3 
Hayes-Roth,Multivariate ,Classification ,Categorical ,160 ,5 
Heart Disease,Multivariate ,Classification ,"Categorical, Integer, Real ",303 ,75 
Hepatitis,Multivariate ,Classification ,"Categorical, Integer, Real ",155 ,19 
Horse Colic,Multivariate ,Classification ,"Categorical, Integer, Real ",368 ,27 
ICU,"Multivariate, Time-Series ", ,Real , , 
Image Segmentation,Multivariate ,Classification ,Real ,2310 ,19 
Internet Advertisements,Multivariate ,Classification ,"Categorical, Integer, Real ",3279 ,1558 
Ionosphere,Multivariate ,Classification ,"Integer, Real ",351 ,34 
Iris,Multivariate ,Classification ,Real ,150 ,4 
ISOLET,Multivariate ,Classification ,Real ,7797 ,617 
Kinship,Relational ,Relational-Learning ,Categorical ,104 ,12 
Labor Relations,Multivariate , ,"Categorical, Integer, Real ",57 ,16 
LED Display Domain,"Multivariate, Data-Generator ",Classification ,Categorical , ,7 
Lenses,Multivariate ,Classification ,Categorical ,24 ,4 
Letter Recognition,Multivariate ,Classification ,Integer ,20000 ,16 
Liver Disorders,Multivariate , ,"Categorical, Integer, Real ",345 ,7 
Logic Theorist,Domain-Theory , , , , 
Lung Cancer,Multivariate ,Classification ,Integer ,32 ,56 
Lymphography,Multivariate ,Classification ,Categorical ,148 ,18 
Mechanical Analysis,Multivariate ,Classification ,"Categorical, Integer, Real ",209 ,8 
Meta-data,Multivariate ,Classification ,"Categorical, Integer, Real ",528 ,22 
Mobile Robots,Domain-Theory , ,"Categorical, Integer, Real ", , 
Molecular Biology (Promoter Gene Sequences),"Sequential, Domain-Theory ",Classification ,Categorical ,106 ,58 
Molecular Biology (Protein Secondary Structure),Sequential ,Classification ,Categorical ,128 , 
Molecular Biology (Splice-junction Gene Sequences),"Sequential, Domain-Theory ",Classification ,Categorical ,3190 ,61 
MONK's Problems,Multivariate ,Classification ,Categorical ,432 ,7 
Moral Reasoner,Domain-Theory , , ,202 , 
Multiple Features,Multivariate ,Classification ,"Integer, Real ",2000 ,649 
Mushroom,Multivariate ,Classification ,Categorical ,8124 ,22 
Musk (Version 1),Multivariate ,Classification ,Integer ,476 ,168 
Musk (Version 2),Multivariate ,Classification ,Integer ,6598 ,168 
Nursery,Multivariate ,Classification ,Categorical ,12960 ,8 
Othello Domain Theory,Domain-Theory , , , , 
Page Blocks Classification,Multivariate ,Classification ,"Integer, Real ",5473 ,10 
Optical Recognition of Handwritten Digits,Multivariate ,Classification ,Integer ,5620 ,64 
Pen-Based Recognition of Handwritten Digits,Multivariate ,Classification ,Integer ,10992 ,16 
Post-Operative Patient,Multivariate ,Classification ,"Categorical, Integer ",90 ,8 
Primary Tumor,Multivariate ,Classification ,Categorical ,339 ,17 
Prodigy,Domain-Theory , , , , 
Qualitative Structure Activity Relationships,Domain-Theory , , , , 
Quadruped Mammals,"Multivariate, Data-Generator ",Classification ,Real , ,72 
Servo,Multivariate ,Regression ,"Categorical, Integer ",167 ,4 
Shuttle Landing Control,Multivariate ,Classification ,Categorical ,15 ,6 
Solar Flare,Multivariate ,Regression ,Categorical ,1389 ,10 
Soybean (Large),Multivariate ,Classification ,Categorical ,307 ,35 
Soybean (Small),Multivariate ,Classification ,Categorical ,47 ,35 
Challenger USA Space Shuttle O-Ring,Multivariate ,Regression ,Integer ,23 ,4 
Low Resolution Spectrometer,Multivariate ,Classification ,"Integer, Real ",531 ,102 
Spambase,Multivariate ,Classification ,"Integer, Real ",4601 ,57 
SPECT Heart,Multivariate ,Classification ,Categorical ,267 ,22 
SPECTF Heart,Multivariate ,Classification ,Integer ,267 ,44 
Sponge,Multivariate ,Clustering ,"Categorical, Integer ",76 ,45 
Statlog Project, , , , , 
Student Loan Relational,Domain-Theory , , ,1000 , 
Teaching Assistant Evaluation,Multivariate ,Classification ,"Categorical, Integer ",151 ,5 
Tic-Tac-Toe Endgame,Multivariate ,Classification ,Categorical ,958 ,9 
Thyroid Disease,"Multivariate, Domain-Theory ",Classification ,"Categorical, Real ",7200 ,21 
Trains,Multivariate ,Classification ,Categorical ,10 ,32 
University,Multivariate ,Classification ,"Categorical, Integer ",285 ,17 
Congressional Voting Records,Multivariate ,Classification ,Categorical ,435 ,16 
Water Treatment Plant,Multivariate ,Clustering ,"Integer, Real ",527 ,38 
Waveform Database Generator (Version 1),"Multivariate, Data-Generator ",Classification ,Real ,5000 ,21 
Waveform Database Generator (Version 2),"Multivariate, Data-Generator ",Classification ,Real ,5000 ,40 
Wine,Multivariate ,Classification ,"Integer, Real ",178 ,13 
Yeast,Multivariate ,Classification ,Real ,1484 ,8 
Zoo,Multivariate ,Classification ,"Categorical, Integer ",101 ,17 
Undocumented, , , , , 
Twenty Newsgroups,Text , , ,20000 , 
Australian Sign Language signs,"Multivariate, Time-Series ",Classification ,"Categorical, Real ",6650 ,15 
Australian Sign Language signs (High Quality),"Multivariate, Time-Series ",Classification ,Real ,2565 ,22 
US Census Data (1990),Multivariate ,Clustering ,Categorical ,2458285 ,68 
Census-Income (KDD),Multivariate ,Classification ,"Categorical, Integer ",299285 ,40 
Coil 1999 Competition Data,Multivariate , ,"Categorical, Real ",340 ,17 
Corel Image Features,Multivariate , ,Real ,68040 ,89 
E. Coli Genes,Relational , , , , 
EEG Database,"Multivariate, Time-Series ", ,"Categorical, Integer, Real ",122 ,4 
El Nino,Spatio-temporal , ,"Integer, Real ",178080 ,12 
Entree Chicago Recommendation Data,"Transactional, Sequential ",Recommender-Systems ,Categorical ,50672 , 
CMU Face Images,Image ,Classification ,Integer ,640 , 
Insurance Company Benchmark (COIL 2000),Multivariate ,"Regression, Description ","Categorical, Integer ",9000 ,86 
Internet Usage Data,Multivariate , ,"Categorical, Integer ",10104 ,72 
IPUMS Census Database,Multivariate , ,"Categorical, Integer ",256932 ,61 
Japanese Vowels,"Multivariate, Time-Series ",Classification ,Real ,640 ,12 
KDD Cup 1998 Data,Multivariate ,Regression ,"Categorical, Integer ",191779 ,481 
KDD Cup 1999 Data,Multivariate ,Classification ,"Categorical, Integer ",4000000 ,42 
M. Tuberculosis Genes,Relational , , , , 
Movie,"Multivariate, Relational ", , ,10000 , 
MSNBC.com Anonymous Web Data,Sequential , ,Categorical ,989818 , 
NSF Research Award Abstracts 1990-2003,Text , , ,129000 , 
Pioneer-1 Mobile Robot Data,"Multivariate, Time-Series ", ,"Categorical, Real ", , 
Pseudo Periodic Synthetic Time Series,"Univariate, Time-Series ", , ,100000 , 
Reuters-21578 Text Categorization Collection,Text ,Classification ,Categorical ,21578 ,5 
Robot Execution Failures,"Multivariate, Time-Series ",Classification ,Integer ,463 ,90 
Synthetic Control Chart Time Series,Time-Series ,"Classification, Clustering ",Real ,600 , 
Syskill and Webert Web Page Ratings,"Multivariate, Text ",Classification ,Categorical ,332 ,5 
UNIX User Data,"Text, Sequential ", , , , 
Volcanoes on Venus - JARtool experiment,Image ,Classification , , , 
Statlog (Australian Credit Approval),Multivariate ,Classification ,"Categorical, Integer, Real ",690 ,14 
Statlog (German Credit Data),Multivariate ,Classification ,"Categorical, Integer ",1000 ,20 
Statlog (Heart),Multivariate ,Classification ,"Categorical, Real ",270 ,13 
Statlog (Landsat Satellite),Multivariate ,Classification ,Integer ,6435 ,36 
Statlog (Image Segmentation),Multivariate ,Classification ,Real ,2310 ,19 
Statlog (Shuttle),Multivariate ,Classification ,Integer ,58000 ,9 
Statlog (Vehicle Silhouettes),Multivariate ,Classification ,Integer ,946 ,18 
Connectionist Bench (Nettalk Corpus),Multivariate , ,Categorical ,20008 ,4 
"Connectionist Bench (Sonar, Mines vs. Rocks)",Multivariate ,Classification ,Real ,208 ,60 
Connectionist Bench (Vowel Recognition - Deterding Data), ,Classification ,Real ,528 ,10 
Economic Sanctions,Domain-Theory , , , , 
Protein Data, , , , , 
Cloud,Multivariate , ,Real ,1024 ,10 
CalIt2 Building People Counts,"Multivariate, Time-Series ", ,"Categorical, Integer ",10080 ,4 
Dodgers Loop Sensor,"Multivariate, Time-Series ", ,"Categorical, Integer ",50400 ,3 
Poker Hand,Multivariate ,Classification ,"Categorical, Integer ",1025010 ,11 
MAGIC Gamma Telescope,Multivariate ,Classification ,Real ,19020 ,11 
UJI Pen Characters,"Multivariate, Sequential ",Classification ,Integer ,1364 , 
Mammographic Mass,Multivariate ,Classification ,Integer ,961 ,6 
Forest Fires,Multivariate ,Regression ,Real ,517 ,13 
Reuters Transcribed Subset,Text ,Classification , ,200 , 
Bag of Words,Text ,Clustering ,Integer ,8000000 ,100000 
Concrete Compressive Strength,Multivariate ,Regression ,Real ,1030 ,9 
Hill-Valley,Sequential ,Classification ,Real ,606 ,101 
Arcene,Multivariate ,Classification ,Real ,900 ,10000 
Dexter,Multivariate ,Classification ,Integer ,2600 ,20000 
Dorothea,Multivariate ,Classification ,Integer ,1950 ,100000 
Gisette,Multivariate ,Classification ,Integer ,13500 ,5000 
Madelon,Multivariate ,Classification ,Real ,4400 ,500 
Ozone Level Detection,"Multivariate, Sequential, Time-Series ",Classification ,Real ,2536 ,73 
Abscisic Acid Signaling Network,Multivariate ,Causal-Discovery ,Integer ,300 ,43 
Parkinsons,Multivariate ,Classification ,Real ,197 ,23 
Character Trajectories,Time-Series ,"Classification, Clustering ",Real ,2858 ,3 
Blood Transfusion Service Center,Multivariate ,Classification ,Real ,748 ,5 
UJI Pen Characters (Version 2),"Multivariate, Sequential ",Classification ,Integer ,11640 , 
Semeion Handwritten Digit,Multivariate ,Classification ,Integer ,1593 ,256 
SECOM,Multivariate ,"Classification, Causal-Discovery ",Real ,1567 ,591 
Plants,Multivariate ,Clustering ,Categorical ,22632 ,70 
Libras Movement,"Multivariate, Sequential ","Classification, Clustering ",Real ,360 ,91 
Concrete Slump Test,Multivariate ,Regression ,Real ,103 ,10 
Communities and Crime,Multivariate ,Regression ,Real ,1994 ,128 
Acute Inflammations,Multivariate ,Classification ,"Categorical, Integer ",120 ,6 
Wine Quality,Multivariate ,"Classification, Regression ",Real ,4898 ,12 
URL Reputation,"Multivariate, Time-Series ",Classification ,"Integer, Real ",2396130 ,3231961 
p53 Mutants,Multivariate ,Classification ,Real ,16772 ,5409 
Parkinsons Telemonitoring,Multivariate ,Regression ,"Integer, Real ",5875 ,26 
Demospongiae,Multivariate ,Classification ,Integer ,503 , 
Opinosis Opinion ⁄ Review,Text , , ,51 , 
Breast Tissue,Multivariate ,Classification ,Real ,106 ,10 
Cardiotocography,Multivariate ,Classification ,Real ,2126 ,23 
Wall-Following Robot Navigation Data,"Multivariate, Sequential ",Classification ,Real ,5456 ,24 
Spoken Arabic Digit,"Multivariate, Time-Series ",Classification ,Real ,8800 ,13 
Localization Data for Person Activity,"Univariate, Sequential, Time-Series ",Classification ,Real ,164860 ,8 
AutoUniv,Multivariate ,Classification ,"Categorical, Integer, Real ", , 
Steel Plates Faults,Multivariate ,Classification ,"Integer, Real ",1941 ,27 
MiniBooNE particle identification,Multivariate ,Classification ,Real ,130065 ,50 
YearPredictionMSD,Multivariate ,Regression ,Real ,515345 ,90 
PEMS-SF,"Multivariate, Time-Series ",Classification ,Real ,440 ,138672 
OpinRank Review Dataset,Text , , , , 
Relative location of CT slices on axial axis,Domain-Theory ,Regression ,Real ,53500 ,386 
Online Handwritten Assamese Characters Dataset,"Multivariate, Sequential ",Classification ,Integer ,8235 , 
PubChem Bioassay Data,Multivariate ,Classification ,"Integer, Real ", , 
Record Linkage Comparison Patterns,Multivariate ,Classification ,Real ,5749132 ,12 
Communities and Crime Unnormalized,Multivariate ,Regression ,Real ,2215 ,147 
Vertebral Column,Multivariate ,Classification ,Real ,310 ,6 
EMG Physical Action Data Set,Time-Series ,Classification ,Real ,10000 ,8 
Vicon Physical Action Data Set,Time-Series ,Classification ,Real ,3000 ,27 
Amazon Commerce reviews set,"Multivariate, Text, Domain-Theory ",Classification ,Real ,1500 ,10000 
Amazon Access Samples,"Time-Series, Domain-Theory ","Regression, Clustering, Causal-Discovery ", ,30000 ,20000 
Reuter_50_50,"Multivariate, Text, Domain-Theory ","Classification, Clustering ",Real ,2500 ,10000 
Farm Ads,Text ,Classification , ,4143 ,54877 
DBWorld e-mails,Text ,Classification , ,64 ,4702 
KEGG Metabolic Relation Network (Directed),"Multivariate, Univariate, Text ","Classification, Regression, Clustering ","Integer, Real ",53414 ,24 
KEGG Metabolic Reaction Network (Undirected),"Multivariate, Univariate, Text ","Classification, Regression, Clustering ","Integer, Real ",65554 ,29 
Bank Marketing,Multivariate ,Classification ,Real ,45211 ,17 
YouTube Comedy Slam Preference Data,Text ,Classification , ,1138562 ,3 
Gas Sensor Array Drift Dataset,Multivariate ,Classification ,Real ,13910 ,128 
ILPD (Indian Liver Patient Dataset),Multivariate ,Classification ,"Integer, Real ",583 ,10 
OPPORTUNITY Activity Recognition,"Multivariate, Time-Series ",Classification ,Real ,2551 ,242 
Nomao,Univariate ,Classification ,Real ,34465 ,120 
SMS Spam Collection,"Multivariate, Text, Domain-Theory ","Classification, Clustering ",Real ,5574 , 
Skin Segmentation,Univariate ,Classification ,Real ,245057 ,4 
Planning Relax,Univariate ,Classification ,Real ,182 ,13 
PAMAP2 Physical Activity Monitoring,"Multivariate, Time-Series ",Classification ,Real ,3850505 ,52 
Restaurant & consumer data,Multivariate , , ,138 ,47 
CNAE-9,"Multivariate, Text ",Classification ,Integer ,1080 ,857 
Individual household electric power consumption,"Multivariate, Time-Series ","Regression, Clustering ",Real ,2075259 ,9 
seeds,Multivariate ,"Classification, Clustering ",Real ,210 ,7 
Northix,"Multivariate, Univariate, Text ",Classification ,"Integer, Real ",115 ,200 
QtyT40I10D100K,Sequential , ,Integer ,3960456 ,4 
Legal Case Reports,Text ,Classification , , , 
Human Activity Recognition Using Smartphones,"Multivariate, Time-Series ","Classification, Clustering ", ,10299 ,561 
One-hundred plant species leaves data set, ,Classification ,Real ,1600 ,64 
Energy efficiency,Multivariate ,"Classification, Regression ","Integer, Real ",768 ,8 
Yacht Hydrodynamics,Multivariate ,Regression ,Real ,308 ,7 
Fertility,Multivariate ,"Classification, Regression ",Real ,100 ,10 
Daphnet Freezing of Gait,"Multivariate, Time-Series ",Classification ,Real ,237 ,9 
"3D Road Network (North Jutland, Denmark)","Sequential, Text ","Regression, Clustering ",Real ,434874 ,4 
ISTANBUL STOCK EXCHANGE,"Multivariate, Univariate, Time-Series ","Classification, Regression ",Real ,536 ,8 
Buzz in social media ,"Time-Series, Multivariate ","Regression, Classification ","Integer, Real ",140000 ,77 
First-order theorem proving,Multivariate ,Classification ,Real ,6118 ,51 
Wearable Computing: Classification of Body Postures and Movements (PUC-Rio),Sequential ,Classification ,"Integer, Real ",165632 ,18 
Gas sensor arrays in open sampling settings,"Multivariate, Time-Series ",Classification ,Real ,18000 ,1950000 
Climate Model Simulation Crashes,Multivariate ,Classification ,Real ,540 ,18 
MicroMass,Multivariate ,Classification ,Real ,931 ,1300 
QSAR biodegradation,Multivariate ,Classification ,"Integer, Real ",1055 ,41 
BLOGGER,Multivariate ,Classification , ,100 ,6 
Daily and Sports Activities,"Multivariate, Time-Series ","Classification, Clustering ",Real ,9120 ,5625 
User Knowledge Modeling,Multivariate ,"Classification, Clustering ",Integer ,403 ,5 
"Reuters RCV1 RCV2 Multilingual, Multiview Text Categorization Test collection",Multivariate ,Classification ,Real ,111740 , 
NYSK,"Multivariate, Sequential, Text ",Clustering , ,10421 ,7 
Turkiye Student Evaluation,Multivariate ,"Classification, Clustering ", ,5820 ,33 
ser Knowledge Modeling Data (Students' Knowledge Levels on DC Electrical Machines),Multivariate ,Classification ,Real ,403 ,5 
EEG Eye State,"Multivariate, Sequential, Time-Series ",Classification ,"Integer, Real ",14980 ,15 
Physicochemical Properties of Protein Tertiary Structure,Multivariate ,Regression ,Real ,45730 ,9 
seismic-bumps,Multivariate ,Classification ,Real ,2584 ,19 
banknote authentication,Multivariate ,Classification ,Real ,1372 ,5 
"USPTO Algorithm Challenge, run by NASA-Harvard Tournament Lab and TopCoder    Problem: Pat",Domain-Theory ,Classification ,Integer ,306 ,5 
YouTube Multiview Video Games Dataset,"Multivariate, Text ","Classification, Clustering ","Integer, Real ",120000 ,1000000 
Gas Sensor Array Drift Dataset at Different Concentrations,"Multivariate, Time-Series ","Classification, Regression, Clustering, Causa ",Real ,13910 ,129 
Activities of Daily Living (ADLs) Recognition Using Binary Sensors,"Multivariate, Sequential, Time-Series ","Classification, Clustering ", ,2747 , 
SkillCraft1 Master Table Dataset,Multivariate ,Regression ,"Integer, Real ",3395 ,20 
Weight Lifting Exercises monitored with Inertial Measurement Units,Multivariate ,Classification ,Real ,39242 ,152 
SML2010,"Multivariate, Sequential, Time-Series, Text ",Regression ,Real ,4137 ,24 
Bike Sharing Dataset,Univariate ,Regression ,"Integer, Real ",17389 ,16 
Predict keywords activities in a online social media,"Multivariate, Sequential, Time-Series ", ,"Integer, Real ",51 ,35 
Thoracic Surgery Data,Multivariate ,Classification ,"Integer, Real ",470 ,17 
EMG dataset in Lower Limb,"Multivariate, Time-Series ", ,Real ,132 ,5 
SUSY, ,Classification ,Real ,5000000 ,18 
HIGGS, ,Classification ,Real ,11000000 ,28 
Qualitative_Bankruptcy,Multivariate ,Classification , ,250 ,7 
LSVT Voice Rehabilitation,Multivariate ,Classification ,Real ,126 ,309 
Dataset for ADL Recognition with Wrist-worn Accelerometer,"Multivariate, Time-Series ","Classification, Clustering ", , ,3 
Wilt,Multivariate ,Classification , ,4889 ,6 
User Identification From Walking Activity,"Univariate, Sequential, Time-Series ","Classification, Clustering ",Real , , 
Activity Recognition from Single Chest-Mounted Accelerometer,"Univariate, Sequential, Time-Series ","Classification, Clustering ",Real , , 
Leaf,Multivariate ,Classification ,Real ,340 ,16 
Dresses_Attribute_Sales,Text ,"Classification, Clustering ", ,501 ,13 
Tamilnadu Electricity Board Hourly Readings,Multivariate ,"Classification, Regression, Clustering ",Real ,45781 ,5 
Airfoil Self-Noise,Multivariate ,Regression ,Real ,1503 ,6 
Wholesale customers,Multivariate ,"Classification, Clustering ",Integer ,440 ,8 
Twitter Data set for Arabic Sentiment Analysis,Text ,Classification , ,2000 ,2 
Combined Cycle Power Plant,Multivariate ,Regression ,Real ,9568 ,4 
Urban Land Cover,Multivariate ,Classification , ,168 ,148 
Diabetes 130-US hospitals for years 1999-2008,Multivariate ,"Classification, Clustering ",Integer ,100000 ,55 
Bach Choral Harmony,Sequential ,Classification , ,5665 ,17 
StoneFlakes,Multivariate ,"Classification, Clustering, Causal-Discovery ",Real ,79 ,8 
Tennis Major Tournament Match Statistics,Multivariate ,"Classification, Regression, Clustering ","Integer, Real ",127 ,42 
Parkinson Speech Dataset with  Multiple Types of Sound Recordings,Multivariate ,"Classification, Regression ","Integer, Real ",1040 ,26 
Gesture Phase Segmentation,"Multivariate, Sequential, Time-Series ","Classification, Clustering ",Real ,9900 ,50 
Perfume Data,"Univariate, Domain-Theory ","Classification, Clustering ",Integer ,560 ,2 
BlogFeedback,Multivariate ,Regression ,"Integer, Real ",60021 ,281 
REALDISP Activity Recognition Dataset,"Multivariate, Time-Series ",Classification ,Real ,1419 ,120 
Newspaper and magazine images segmentation dataset, ,Classification , ,101 , 
AAAI 2014 Accepted Papers,Multivariate ,Clustering , ,399 ,6 
Gas sensor array under flow modulation,"Multivariate, Time-Series ","Classification, Regression ",Real ,58 ,120432 
Gas sensor array exposed to turbulent gas mixtures,"Multivariate, Time-Series ","Classification, Regression ",Real ,180 ,150000 
UJIIndoorLoc,Multivariate ,"Classification, Regression ","Integer, Real ",21048 ,529 
Sentence Classification,Text ,Classification ,Integer , , 
Dow Jones Index,Time-Series ,"Classification, Clustering ","Integer, Real ",750 ,16 
sEMG for Basic Hand movements,Time-Series ,Classification ,Real ,3000 ,2500 
AAAI 2013 Accepted Papers,Multivariate ,Clustering , ,150 ,5 
Geographical Original of Music,Multivariate ,"Classification, Regression ",Real ,1059 ,68 
Condition Based Maintenance of Naval Propulsion Plants,Multivariate ,Regression ,Real ,11934 ,16 
Grammatical Facial Expressions,"Multivariate, Sequential ","Classification, Clustering ",Real ,27965 ,100 
NoisyOffice,Multivariate ,"Classification, Regression ",Real ,216 ,216 
MHEALTH Dataset,"Multivariate, Time-Series ",Classification ,Real ,120 ,23 
Student Performance,Multivariate ,"Classification, Regression ",Integer ,649 ,33 
ElectricityLoadDiagrams20112014,Time-Series ,"Regression, Clustering ",Real ,370 ,140256 
Gas sensor array under dynamic gas mixtures,"Multivariate, Time-Series ","Classification, Regression ",Real ,4178504 ,19 
microblogPCU,"Multivariate, Univariate, Sequential, Text ","Classification, Causal-Discovery ","Integer, Real ",221579 ,20 
Firm-Teacher_Clave-Direction_Classification,Multivariate ,Classification , ,10800 ,20 
Dataset for Sensorless Drive Diagnosis,Multivariate ,Classification ,Real ,58509 ,49 
TV News Channel Commercial Detection Dataset,Multivariate ,"Classification, Clustering ",Real ,129685 ,12 
Phishing Websites, ,Classification ,Integer ,2456 ,30 
Greenhouse Gas Observing Network,"Multivariate, Time-Series ",Regression ,Real ,2921 ,5232 
Diabetic Retinopathy Debrecen Data Set,Multivariate ,Classification ,"Integer, Real ",1151 ,20 
HIV-1 protease cleavage,Multivariate ,Classification ,Categorical ,6590 ,1 
Sentiment Labelled Sentences,Text ,Classification , ,3000 , 
Online News Popularity,Multivariate ,"Classification, Regression ","Integer, Real ",39797 ,61 
Forest type mapping,Multivariate ,Classification , ,326 ,27 
wiki4HE,Multivariate ,"Regression, Clustering, Causal-Discovery ", ,913 ,53 
Online Video Characteristics and Transcoding Time Dataset,Multivariate ,Regression ,"Integer, Real ",168286 ,11 
Chronic_Kidney_Disease,Multivariate ,Classification ,Real ,400 ,25 
Machine Learning based ZZAlpha Ltd. Stock Recommendations 2012-2014,"Sequential, Time-Series ",Classification ,Real ,314080 ,0 
Folio,Multivariate ,"Classification, Clustering ", ,637 ,20 
"Taxi Service Trajectory - Prediction Challenge, ECML PKDD 2015","Multivariate, Sequential, Time-Series, Domain-Theory ","Clustering, Causal-Discovery ",Real ,1710671 ,9 
Cuff-Less Blood Pressure Estimation,Multivariate ,"Classification, Regression ",Real ,12000 ,3 
Smartphone-Based Recognition of Human Activities and Postural Transitions,"Multivariate, Time-Series ",Classification ,Real ,10929 ,561 
Mice Protein Expression,Multivariate ,"Classification, Clustering ",Real ,1080 ,82 
UJIIndoorLoc-Mag,"Multivariate, Sequential, Time-Series ","Classification, Regression, Clustering ","Integer, Real ",40000 ,13 
Heterogeneity Activity Recognition,"Multivariate, Time-Series ","Classification, Clustering ",Real ,43930257 ,16 
Educational Process Mining (EPM): A Learning Analytics Data Set,"Multivariate, Sequential, Time-Series ","Classification, Regression, Clustering ",Integer ,230318 ,13 
HEPMASS,Multivariate ,Classification ,Real ,10500000 ,28 
Indoor User Movement Prediction from RSS data,"Multivariate, Sequential, Time-Series ",Classification ,Real ,13197 ,4 
Open University Learning Analytics dataset,"Multivariate, Sequential, Time-Series ","Classification, Regression, Clustering ",Integer , , 
default of credit card clients,Multivariate ,Classification ,"Integer, Real ",30000 ,24 
Mesothelioma’s disease data set ,Multivariate ,Classification ,Real ,324 ,34 
Online Retail,"Multivariate, Sequential, Time-Series ","Classification, Clustering ","Integer, Real ",541909 ,8 
SIFT10M,Multivariate ,Causal-Discovery ,Integer ,11164866 ,128 
GPS Trajectories,Multivariate ,"Classification, Regression ",Real ,163 ,15 
Detect Malacious Executable(AntiVirus),Multivariate ,Classification ,Real ,373 ,513 
Occupancy Detection ,"Multivariate, Time-Series ",Classification ,Real ,20560 ,7 
Improved Spiral Test Using Digitized Graphics Tablet for Monitoring Parkinson’s Disease,Multivariate ,"Classification, Regression, Clustering ",Real ,40 ,7 
News Aggregator,Multivariate ,"Classification, Clustering ", ,422937 ,5 
Air Quality,"Multivariate, Time-Series ",Regression ,Real ,9358 ,15 
Twin gas sensor arrays,"Multivariate, Time-Series, Domain-Theory ","Classification, Regression ",Real ,640 ,480000 
Gas sensors for home activity monitoring,"Multivariate, Time-Series ",Classification ,Real ,919438 ,11 
Facebook Comment Volume Dataset,Multivariate ,Regression ,"Integer, Real ",40949 ,54 
Smartphone Dataset for Human Activity Recognition (HAR) in Ambient Assisted Living (AAL),Time-Series ,Classification ,Real ,5744 ,561 
Polish companies bankruptcy data,Multivariate ,Classification ,Real ,10503 ,64 
Activity Recognition system based on Multisensor data fusion (AReM),"Multivariate, Sequential, Time-Series ",Classification ,Real ,42240 ,6 
Dota2 Games Results,Multivariate ,Classification , ,102944 ,116 
Facebook metrics,Multivariate ,Regression ,Integer ,500 ,19 
UbiqLog (smartphone lifelogging),Multivariate ,Causal-Discovery , ,9782222 , 
NIPS Conference Papers 1987-2015,Text ,Clustering ,Integer ,11463 ,5812 
HTRU2,Multivariate ,"Classification, Clustering ",Real ,17898 ,9 
Drug consumption (quantified),Multivariate ,Classification ,Real ,1885 ,32 
Appliances energy prediction,"Multivariate, Time-Series ",Regression ,Real ,19735 ,29 
Miskolc IIS Hybrid IPS,Text ,"Classification, Clustering, Causal-Discovery ",Integer ,1540 ,67 
KDC-4007 dataset Collection,"Multivariate, Text ","Classification, Regression ",Integer ,4007 , 
Geo-Magnetic field and WLAN dataset for indoor localisation from wristband and smartphone,"Multivariate, Sequential, Time-Series ","Classification, Regression, Clustering ","Integer, Real ",153540 ,25 
DrivFace,Multivariate ,"Classification, Regression, Clustering ",Real ,606 ,6400 
Website Phishing,Multivariate ,Classification ,Integer ,1353 ,10 
YouTube Spam Collection,Text ,Classification , ,1956 ,5 
Beijing PM2.5 Data,"Multivariate, Time-Series ",Regression ,"Integer, Real ",43824 ,13 
Cargo 2000 Freight Tracking and Tracing,"Multivariate, Sequential ","Classification, Regression ",Integer ,3942 ,98 
Cervical cancer (Risk Factors),Multivariate ,Classification ,"Integer, Real ",858 ,36 
Quality Assessment of Digital Colposcopies,Multivariate ,Classification ,Real ,287 ,69 
KASANDR,Multivariate ,Causal-Discovery ,Integer ,17764280 ,2158859 
FMA: A Dataset For Music Analysis,"Multivariate, Time-Series ","Classification, Clustering ",Real ,106574 ,518 
Air quality,"Multivariate, Time-Series ",Regression ,Real ,9358 ,15 
Epileptic Seizure Recognition,"Multivariate, Time-Series ","Classification, Clustering ","Integer, Real ",11500 ,179 
Devanagari Handwritten Character Dataset, ,Classification ,Integer ,92000 , 
Stock portfolio performance,Multivariate ,Regression ,Real ,315 ,12 
MoCap Hand Postures,Multivariate ,"Classification, Clustering ","Integer, Real ",78095 ,38 
Early biomarkers of Parkinson�s disease based on natural connected speech,Multivariate ,"Classification, Regression ","Integer, Real ",130 ,65 
Data for Software Engineering Teamwork Assessment in Education Setting,"Sequential, Time-Series ",Classification ,"Integer, Real ",74 ,102 
PM2.5 Data of Five Chinese Cities,"Multivariate, Time-Series ",Regression ,"Integer, Real ",52854 ,86 
Parkinson Disease Spiral Drawings Using Digitized Graphics Tablet,Multivariate ,"Classification, Regression, Clustering ",Integer ,77 ,7 
Sales_Transactions_Dataset_Weekly,"Multivariate, Time-Series ",Clustering ,"Integer, Real ",811 ,53 
Las Vegas Strip, ,"Classification, Regression ",Integer ,504 ,20 
Eco-hotel,Text , , ,401 ,1 
MEU-Mobile KSD,Multivariate ,Classification ,"Integer, Real ",2856 ,71 
Crowdsourced Mapping,Multivariate ,Classification , ,10546 ,29 
gene expression cancer RNA-Seq,Multivariate ,"Classification, Clustering ",Real ,801 ,20531 
"Hybrid Indoor Positioning Dataset from WiFi RSSI, Bluetooth and magnetometer","Multivariate, Sequential, Time-Series ",Classification ,Real ,1540 ,65 
chestnut – LARVIC, ,"Classification, Clustering ", ,1451 ,3 
Burst Header Packet (BHP) flooding attack on Optical Burst Switching (OBS) Network,Text ,Classification ,Integer ,1075 ,22 
Motion Capture Hand Postures,Multivariate ,"Classification, Clustering ",Real ,78095 ,38 
Anuran Calls (MFCCs),Multivariate ,"Classification, Clustering ",Real ,7195 ,22 
TTC-3600: Benchmark dataset for Turkish text categorization,Text ,"Classification, Clustering ",Integer ,3600 ,4814 
Gastrointestinal Lesions in Regular Colonoscopy,Multivariate ,Classification ,Real ,76 ,698 
Daily Demand Forecasting Orders,Time-Series ,Regression ,Integer ,60 ,13 
Paper Reviews,Text ,"Classification, Regression ",Integer ,405 ,10 
extention of Z-Alizadeh sani dataset, ,Classification ,"Integer, Real ",303 ,59 
Z-Alizadeh Sani, ,Classification ,"Integer, Real ",303 ,56 
Dynamic Features of VirusShare Executables,"Multivariate, Time-Series ","Classification, Regression ",Integer ,107888 ,482 
IDA2016Challenge,Multivariate ,Classification ,Integer ,76000 ,171 
DSRC Vehicle Communications,"Sequential, Text ",Clustering ,Real ,10000 ,5 
Mturk User-Perceived Clusters over Images,"Multivariate, Text ",Clustering ,Integer ,180 ,500 
Character Font Images,Multivariate ,Classification ,"Integer, Real ",745000 ,411 
DeliciousMIL: A Data Set for Multi-Label Multi-Instance Learning with Instance Labels,Text ,Classification ,Integer ,12234 ,8519 
Autistic Spectrum Disorder Screening Data for Children  ,Multivariate ,Classification ,Integer ,292 ,21 
Autistic Spectrum Disorder Screening Data for Adolescent   ,Multivariate ,Classification ,Integer ,104 ,21 
APS Failure at Scania Trucks,Multivariate ,Classification ,"Integer, Real ",60000 ,171 
Wireless Indoor Localization,Multivariate ,Classification ,Real ,2000 ,7 
HCC Survival,Multivariate ,Classification ,"Integer, Real ",165 ,49 
CSM (Conventional and Social Media Movies) Dataset 2014 and 2015,Multivariate ,"Classification, Regression ",Integer ,217 ,12 
University of Tehran Question Dataset 2016 (UTQD.2016),Text ,Classification , ,1175 ,3 
Autism Screening Adult, ,Classification ,Integer ,704 ,21 
Activity recognition with healthy older people using a batteryless wearable sensor,Sequential ,Classification ,Real ,75128 ,9 
Immunotherapy Dataset,Univariate ,Classification ,"Integer, Real ",90 ,8 
Cryotherapy Dataset ,Univariate ,Classification ,"Integer, Real ",90 ,7 
OCT data & Color Fundus Images of Left & Right Eyes,Multivariate ,Classification ,Real ,50 ,2 
Discrete Tone Image Dataset,Multivariate ,Classification , ,71 ,11 
News Popularity in Multiple Social Media Platforms,"Multivariate, Time-Series, Text ",Regression ,"Integer, Real ",93239 ,11 
Ultrasonic flowmeter diagnostics,Multivariate ,Classification ,Real ,540 ,173 
ICMLA 2014 Accepted Papers Data Set,Multivariate ,"Classification, Clustering ", ,105 ,5 
BLE RSSI Dataset for Indoor localization and Navigation,"Multivariate, Sequential, Time-Series ","Classification, Clustering ",Integer ,6611 ,15 
Container Crane Controller Data Set,"Univariate, Domain-Theory ","Classification, Regression ",Real ,15 ,3 
Residential Building Data Set,Multivariate ,Regression ,Real ,372 ,105 
Health News in Twitter,Text ,Clustering ,Real ,58000 ,25000 
chipseq,Sequential ,Classification ,Integer ,4960 , 
SGEMM GPU kernel performance,Multivariate ,Regression ,Integer ,241600 ,18 
Repeat Consumption Matrices,Multivariate ,Clustering ,Real ,130000 ,21000 
detection_of_IoT_botnet_attacks_N_BaIoT,"Multivariate, Sequential ","Classification, Clustering ",Real ,7062606 ,115 
Absenteeism at work,"Multivariate, Time-Series ","Classification, Clustering ","Integer, Real ",740 ,21 
SCADI,Multivariate ,"Classification, Clustering ", ,70 ,206 
Condition monitoring of hydraulic systems,"Multivariate, Time-Series ","Classification, Regression ",Real ,2205 ,43680 
Carbon Nanotubes,Univariate ,Regression ,Real ,10721 ,8 
Optical Interconnection Network ,Multivariate ,"Classification, Regression ","Integer, Real ",640 ,10 
Sports articles for objectivity analysis,"Multivariate, Text ",Classification ,Integer ,1000 ,59 
Breast Cancer Coimbra,Multivariate ,Classification ,Integer ,116 ,10 
GNFUV Unmanned Surface Vehicles Sensor Data,"Multivariate, Time-Series ",Regression ,Real ,1672 ,5 
Dishonest Internet users Dataset,Multivariate ,"Classification, Clustering ", ,322 ,5 
Victorian Era Authorship Attribution,Text ,Classification , ,93600 ,1000 
Simulated Falls and Daily Living Activities Data Set,Time-Series ,Classification ,Integer ,3060 ,138 
Multimodal Damage Identification for Humanitarian Computing,"Multivariate, Text ",Classification ,Integer ,5879 , 
EEG Steady-State Visual Evoked Potential Signals,"Multivariate, Time-Series ","Classification, Regression ",Integer ,9200 ,16 
Roman Urdu Data Set,Text ,Classification , ,20000 ,2 
Avila,Multivariate ,Classification ,Real ,20867 ,10 
PANDOR,Multivariate ,Recommendation ,Categorical , , 
Drug Review Dataset (Druglib.com),"Multivariate, Text ","Classification, Regression, Clustering ",Integer ,4143 ,8 
Drug Review Dataset (Drugs.com),"Multivariate, Text ","Classification, Regression, Clustering ",Integer ,215063 ,6 
Physical Unclonable Functions,Multivariate ,Classification ,Integer ,6000000 ,129 
Superconductivty Data,Multivariate ,Regression ,Real ,21263 ,81 
WESAD (Wearable Stress and Affect Detection),"Multivariate, Time-Series ","Classification, Regression ",Real ,63000000 ,12 
GNFUV Unmanned Surface Vehicles Sensor Data Set 2,"Multivariate, Sequential, Time-Series ",Regression ,Real ,10190 ,6 
Student Academics Performance,Multivariate ,Classification , ,300 ,22 
Online Shoppers Purchasing Intention Dataset,Multivariate ,"Classification, Clustering ","Integer, Real ",12330 ,18 
PMU-UD,Univariate ,Classification , ,5180 ,9 
Parkinson's Disease Classification,Multivariate ,Classification ,"Integer, Real ",756 ,754 
Electrical Grid Stability Simulated Data ,Multivariate ,"Classification, Regression ",Real ,10000 ,14 
Caesarian Section Classification Dataset,Univariate ,Classification ,Integer ,80 ,5 
BAUM-1,Time-Series ,Classification , ,1184 , 
BAUM-2,Time-Series ,Classification , ,1047 , 
Audit Data,Multivariate ,Classification ,Real ,777 ,18 
BuddyMove Data Set,"Multivariate, Text ","Classification, Clustering ",Real ,249 ,7 
Real estate valuation data set,Multivariate ,Regression ,"Integer, Real ",414 ,7 
Early biomarkers of Parkinson’s disease based on natural connected speech Data Set ,Multivariate ,Classification ,Real , , 
Somerville Happiness Survey, ,Classification ,Integer ,143 ,7 
2.4 GHZ Indoor Channel Measurements,Multivariate ,Classification ,Real ,7840 ,5 
EMG data for gestures,Time-Series ,Classification ,Real ,30000 ,6 
Parking Birmingham,"Multivariate, Univariate, Sequential, Time-Series ","Classification, Regression, Clustering ",Real ,35717 ,4 
Behavior of the urban traffic of the city of Sao Paulo in Brazil,"Multivariate, Time-Series ","Classification, Regression ","Integer, Real ",135 ,18 
Travel Reviews,"Multivariate, Text ","Classification, Clustering ",Real ,980 ,11 
Tarvel Review Ratings,"Multivariate, Text ","Classification, Clustering ",Real ,5456 ,25 
Rice Leaf Diseases,Multivariate ,Classification ,Integer ,120 , 
Gas sensor array temperature modulation,"Multivariate, Time-Series ","Classification, Regression ",Real ,4095000 ,20 
Facebook Live Sellers in Thailand,Multivariate ,Clustering ,Integer ,7051 ,12 
Parkinson Dataset with replicated acoustic features ,Multivariate ,Classification , ,240 ,46 
Metro Interstate Traffic Volume,"Multivariate, Sequential, Time-Series ",Regression ,"Integer, Real ",48204 ,9 
Query Analytics Workloads Dataset,Multivariate ,"Regression, Clustering ",Real ,260000 ,8 
Wave Energy Converters,Multivariate ,Regression ,Real ,288000 ,49 
PPG-DaLiA,"Multivariate, Time-Series ",Regression ,Real ,8300000 ,11 
Alcohol QCM Sensor Dataset,Multivariate ,"Classification, Regression, Clustering ",Real ,125 ,8 
Divorce Predictors data set,"Multivariate, Univariate ",Classification ,Integer ,170 ,54 
Incident management process enriched event log,"Multivariate, Sequential ","Regression, Clustering ",Integer ,141712 ,36 
Opinion Corpus for Lebanese Arabic Reviews (OCLAR),Text ,Classification ,Integer ,3916 ,3916 
MEx,Time-Series ,"Classification, Clustering ",Real ,6262 ,710 
Beijing Multi-Site Air-Quality Data,"Multivariate, Time-Series ",Regression ,"Integer, Real ",420768 ,18 
Online Retail II,"Multivariate, Sequential, Time-Series, Text ","Classification, Regression, Clustering ","Integer, Real ",1067371 ,8 
Hepatitis C Virus (HCV) for Egyptian patients,Multivariate ,Classification ,"Integer, Real ",1385 ,29 
QSAR fish toxicity,Multivariate ,Regression ,Real ,908 ,7 
QSAR aquatic toxicity,Multivariate ,Regression ,Real ,546 ,9 
Human Activity Recognition from Continuous Ambient Sensor Data,"Multivariate, Sequential, Time-Series ",Classification ,"Integer, Real ",13956534 ,37 
WISDM Smartphone and Smartwatch Activity and Biometrics Dataset ,"Multivariate, Time-Series ",Classification ,Real ,15630426 ,6 
QSAR oral toxicity,Multivariate ,Classification , ,8992 ,1024 
QSAR androgen receptor,Multivariate ,Classification , ,1687 ,1024 
QSAR Bioconcentration classes dataset,Multivariate ,"Classification, Regression ", ,779 ,14 
QSAR fish bioconcentration factor (BCF),Multivariate ,Regression ,"Integer, Real ",1056 ,7 
A study of  Asian Religious and Biblical Texts,"Multivariate, Text ","Classification, Clustering ",Integer ,590 ,8265 
Real-time Election Results: Portugal 2019,"Multivariate, Time-Series, Text ",Regression ,"Integer, Real ",21643 ,29 
Bias correction of numerical prediction model temperature forecast,Multivariate ,Regression ,Real ,7750 ,25 
Bar Crawl: Detecting Heavy Drinking,"Multivariate, Time-Series ","Classification, Regression ",Real ,14057567 ,3 
Kitsune Network Attack Dataset,"Multivariate, Sequential, Time-Series ","Classification, Clustering, Causal-Discovery ",Real ,27170754 ,115 
